noise,function,epoch,total_strength,non_gt_strength,total_detected_pairs,non_gt_detected_pairs,pct_non_gt_detected_pairs
0.1,0,5,1553.4754581451416,1176.379623413086,45,34,0.7555555555555388
0.1,0,10,2539.4161109924316,1923.5271530151367,45,34,0.7555555555555388
0.1,0,15,2886.259307861328,2188.9636459350586,45,34,0.7555555555555388
0.1,0,20,3155.4046058654785,2392.665454864502,45,34,0.7555555555555388
0.1,0,25,3337.2546768188477,2528.0866165161133,45,34,0.7555555555555388
0.1,0,30,3428.00626373291,2594.6762084960938,45,34,0.7555555555555388
0.1,0,35,3459.693428039551,2617.0177688598633,45,34,0.7555555555555388
0.1,0,40,3505.512519836426,2650.2415924072266,45,34,0.7555555555555388
0.1,0,45,3540.990165710449,2675.9499893188477,45,34,0.7555555555555388
0.1,0,50,3567.3853912353516,2694.8793869018555,45,34,0.7555555555555388
0.1,0,55,3577.51407623291,2701.5858840942383,45,34,0.7555555555555388
0.1,0,60,3599.2188568115234,2717.240264892578,45,34,0.7555555555555388
0.1,0,65,3605.950325012207,2721.576919555664,45,34,0.7555555555555388
0.1,0,70,3628.5727157592773,2738.0726318359375,45,34,0.7555555555555388
0.1,0,75,3627.9023818969727,2736.9687576293945,45,34,0.7555555555555388
0.1,0,80,3650.3177947998047,2753.283073425293,45,34,0.7555555555555388
0.1,0,85,3653.3813705444336,2755.0202255249023,45,34,0.7555555555555388
0.1,0,90,3672.835777282715,2769.2708587646484,45,34,0.7555555555555388
0.1,0,95,3678.268226623535,2772.83837890625,45,34,0.7555555555555388
0.1,0,100,3682.0359802246094,2775.267822265625,45,34,0.7555555555555388
0.1,0,105,3689.2627334594727,2780.292808532715,45,34,0.7555555555555388
0.1,0,110,3708.5007705688477,2794.5041275024414,45,34,0.7555555555555388
0.1,0,115,3712.8126373291016,2797.32186126709,45,34,0.7555555555555388
0.1,0,120,3724.8912963867188,2806.0957794189453,45,34,0.7555555555555388
0.1,0,125,3730.7684326171875,2810.165313720703,45,34,0.7555555555555388
0.1,0,130,3738.60733795166,2815.878837585449,45,34,0.7555555555555388
0.1,0,135,3749.3777084350586,2823.7304153442383,45,34,0.7555555555555388
0.1,0,140,3757.3669967651367,2829.4862747192383,45,34,0.7555555555555388
0.1,0,145,3757.4935989379883,2829.2387771606445,45,34,0.7555555555555388
0.1,0,150,3768.905288696289,2837.5849533081055,45,34,0.7555555555555388
0.1,0,155,3776.7843017578125,2843.277198791504,45,34,0.7555555555555388
0.1,0,160,3785.770706176758,2849.8240814208984,45,34,0.7555555555555388
0.1,0,165,3787.863594055176,2851.0617294311523,45,34,0.7555555555555388
0.1,0,170,3793.8899307250977,2855.3962936401367,45,34,0.7555555555555388
0.1,0,175,3801.8345108032227,2861.1358337402344,45,34,0.7555555555555388
0.1,0,180,3811.2510299682617,2867.995185852051,45,34,0.7555555555555388
0.1,0,185,3820.5254287719727,2874.784034729004,45,34,0.7555555555555388
0.1,0,190,3826.6279907226562,2879.1084899902344,45,34,0.7555555555555388
0.1,0,195,3830.934883117676,2882.107292175293,45,34,0.7555555555555388
0.1,0,200,3842.4937591552734,2890.6255264282227,45,34,0.7555555555555388
0.1,1,5,1560.3611660003662,1191.146650314331,45,34,0.7555555555555388
0.1,1,10,2045.1051292419434,1559.9082984924316,45,34,0.7555555555555388
0.1,1,15,3411.293182373047,2593.532554626465,45,34,0.7555555555555388
0.1,1,20,3951.864616394043,3000.517059326172,45,34,0.7555555555555388
0.1,1,25,4010.436195373535,3044.898147583008,45,34,0.7555555555555388
0.1,1,30,4043.0159454345703,3069.742202758789,45,34,0.7555555555555388
0.1,1,35,4075.0754928588867,3094.1511001586914,45,34,0.7555555555555388
0.1,1,40,4111.469528198242,3121.818977355957,45,34,0.7555555555555388
0.1,1,45,4146.471702575684,3148.420066833496,45,34,0.7555555555555388
0.1,1,50,4189.574768066406,3180.9300994873047,45,34,0.7555555555555388
0.1,1,55,4222.7760009765625,3206.019660949707,45,34,0.7555555555555388
0.1,1,60,4267.285835266113,3239.410224914551,45,34,0.7555555555555388
0.1,1,65,4316.604331970215,3276.5201110839844,45,34,0.7555555555555388
0.1,1,70,4366.584632873535,3313.9750900268555,45,34,0.7555555555555388
0.1,1,75,4414.017196655273,3349.4253463745117,45,34,0.7555555555555388
0.1,1,80,4478.066055297852,3397.3066787719727,45,34,0.7555555555555388
0.1,1,85,4533.172340393066,3438.418357849121,45,34,0.7555555555555388
0.1,1,90,4592.891731262207,3482.882354736328,45,34,0.7555555555555388
0.1,1,95,4646.029586791992,3522.305274963379,45,34,0.7555555555555388
0.1,1,100,4705.165596008301,3566.082679748535,45,34,0.7555555555555388
0.1,1,105,4764.519493103027,3610.0667266845703,45,34,0.7555555555555388
0.1,1,110,4816.15478515625,3648.1096725463867,45,34,0.7555555555555388
0.1,1,115,4869.336608886719,3687.0831604003906,45,34,0.7555555555555388
0.1,1,120,4918.135032653809,3722.7940368652344,45,34,0.7555555555555388
0.1,1,125,4975.0850830078125,3764.598388671875,45,34,0.7555555555555388
0.1,1,130,5019.927360534668,3797.339859008789,45,34,0.7555555555555388
0.1,1,135,5063.707015991211,3829.191864013672,45,34,0.7555555555555388
0.1,1,140,5111.244033813477,3863.8701553344727,45,34,0.7555555555555388
0.1,1,145,5148.201728820801,3890.585403442383,45,34,0.7555555555555388
0.1,1,150,5187.107154846191,3918.773567199707,45,34,0.7555555555555388
0.1,1,155,5225.294044494629,3946.3912963867188,45,34,0.7555555555555388
0.1,1,160,5262.326080322266,3973.1041107177734,45,34,0.7555555555555388
0.1,1,165,5292.020889282227,3994.393798828125,45,34,0.7555555555555388
0.1,1,170,5321.039047241211,4015.113410949707,45,34,0.7555555555555388
0.1,1,175,5350.594177246094,4036.308837890625,45,34,0.7555555555555388
0.1,1,180,5377.559341430664,4055.5031356811523,45,34,0.7555555555555388
0.1,1,185,5400.700607299805,4071.8901977539062,45,34,0.7555555555555388
0.1,1,190,5419.82430267334,4085.3398361206055,45,34,0.7555555555555388
0.1,1,195,5436.672996520996,4097.077377319336,45,34,0.7555555555555388
0.1,1,200,5462.407623291016,4115.493881225586,45,34,0.7555555555555388
0.1,2,5,1688.3096160888672,1354.4831275939941,45,36,0.7999999999999822
0.1,2,10,4528.7021560668945,3624.229316711426,45,36,0.7999999999999822
0.1,2,15,4784.70027923584,3809.0909118652344,45,36,0.7999999999999822
0.1,2,20,4862.8112716674805,3861.5462951660156,45,36,0.7999999999999822
0.1,2,25,4829.221298217773,3828.5228881835938,45,36,0.7999999999999822
0.1,2,30,4829.8345947265625,3823.9926376342773,45,36,0.7999999999999822
0.1,2,35,4854.053161621094,3838.832618713379,45,36,0.7999999999999822
0.1,2,40,4844.997772216797,3827.2015838623047,45,36,0.7999999999999822
0.1,2,45,4845.874771118164,3823.7954635620117,45,36,0.7999999999999822
0.1,2,50,4858.3200759887695,3829.966239929199,45,36,0.7999999999999822
0.1,2,55,4862.939094543457,3829.700469970703,45,36,0.7999999999999822
0.1,2,60,4897.770843505859,3853.3963775634766,45,36,0.7999999999999822
0.1,2,65,4908.180023193359,3858.007797241211,45,36,0.7999999999999822
0.1,2,70,4924.462753295898,3867.268440246582,45,36,0.7999999999999822
0.1,2,75,4943.2961349487305,3878.5737075805664,45,36,0.7999999999999822
0.1,2,80,4961.098899841309,3888.9575424194336,45,36,0.7999999999999822
0.1,2,85,4958.591163635254,3883.8410568237305,45,36,0.7999999999999822
0.1,2,90,4988.077217102051,3903.4925689697266,45,36,0.7999999999999822
0.1,2,95,4984.617431640625,3897.7900390625,45,36,0.7999999999999822
0.1,2,100,5004.211387634277,3910.155990600586,45,36,0.7999999999999822
0.1,2,105,5029.082473754883,3926.704002380371,45,36,0.7999999999999822
0.1,2,110,5053.997131347656,3943.312286376953,45,36,0.7999999999999822
0.1,2,115,5067.761100769043,3951.2768325805664,45,36,0.7999999999999822
0.1,2,120,5066.46329498291,3947.3925018310547,45,36,0.7999999999999822
0.1,2,125,5082.573547363281,3957.2530059814453,45,36,0.7999999999999822
0.1,2,130,5098.708602905273,3967.0023880004883,45,36,0.7999999999999822
0.1,2,135,5107.65852355957,3971.4839096069336,45,36,0.7999999999999822
0.1,2,140,5137.932075500488,3992.526191711426,45,36,0.7999999999999822
0.1,2,145,5155.725624084473,4003.830421447754,45,36,0.7999999999999822
0.1,2,150,5162.504943847656,4006.4541091918945,45,36,0.7999999999999822
0.1,2,155,5198.840873718262,4032.5220489501953,45,36,0.7999999999999822
0.1,2,160,5223.919883728027,4049.702667236328,45,36,0.7999999999999822
0.1,2,165,5220.919380187988,4045.286178588867,45,36,0.7999999999999822
0.1,2,170,5239.334716796875,4057.1531982421875,45,36,0.7999999999999822
0.1,2,175,5259.253471374512,4070.4905014038086,45,36,0.7999999999999822
0.1,2,180,5276.822189331055,4081.8382110595703,45,36,0.7999999999999822
0.1,2,185,5274.929222106934,4078.2636795043945,45,36,0.7999999999999822
0.1,2,190,5291.2852783203125,4088.9584197998047,45,36,0.7999999999999822
0.1,2,195,5308.687461853027,4100.325263977051,45,36,0.7999999999999822
0.1,2,200,5325.232559204102,4111.247787475586,45,36,0.7999999999999822
0.1,3,5,1463.242576599121,1131.6081504821777,45,35,0.7777777777777605
0.1,3,10,3664.918655395508,2822.2186737060547,45,35,0.7777777777777605
0.1,3,15,3909.3296813964844,3004.650650024414,45,35,0.7777777777777605
0.1,3,20,3938.285919189453,3023.043182373047,45,35,0.7777777777777605
0.1,3,25,3959.6665115356445,3037.068389892578,45,35,0.7777777777777605
0.1,3,30,3944.549118041992,3023.22322845459,45,35,0.7777777777777605
0.1,3,35,3959.7587661743164,3033.1290893554688,45,35,0.7777777777777605
0.1,3,40,3963.2560653686523,3033.921432495117,45,35,0.7777777777777605
0.1,3,45,3981.9274673461914,3046.2839736938477,45,35,0.7777777777777605
0.1,3,50,4000.2880325317383,3058.399398803711,45,35,0.7777777777777605
0.1,3,55,4008.3570861816406,3062.713348388672,45,35,0.7777777777777605
0.1,3,60,4031.126663208008,3078.5259552001953,45,35,0.7777777777777605
0.1,3,65,4033.479751586914,3078.6454162597656,45,35,0.7777777777777605
0.1,3,70,4065.114517211914,3100.9070205688477,45,35,0.7777777777777605
0.1,3,75,4085.7828979492188,3115.070098876953,45,35,0.7777777777777605
0.1,3,80,4108.307281494141,3130.3496475219727,45,35,0.7777777777777605
0.1,3,85,4129.013252258301,3144.22412109375,45,35,0.7777777777777605
0.1,3,90,4152.337989807129,3160.022735595703,45,35,0.7777777777777605
0.1,3,95,4178.172500610352,3177.802978515625,45,35,0.7777777777777605
0.1,3,100,4197.3046798706055,3190.186752319336,45,35,0.7777777777777605
0.1,3,105,4222.104774475098,3206.83194732666,45,35,0.7777777777777605
0.1,3,110,4238.867935180664,3217.6765899658203,45,35,0.7777777777777605
0.1,3,115,4271.684791564941,3240.139678955078,45,35,0.7777777777777605
0.1,3,120,4293.30216217041,3254.539710998535,45,35,0.7777777777777605
0.1,3,125,4319.4909744262695,3272.184425354004,45,35,0.7777777777777605
0.1,3,130,4333.52645111084,3280.589042663574,45,35,0.7777777777777605
0.1,3,135,4358.805809020996,3297.4431228637695,45,35,0.7777777777777605
0.1,3,140,4376.382759094238,3308.5899963378906,45,35,0.7777777777777605
0.1,3,145,4389.594596862793,3316.2746505737305,45,35,0.7777777777777605
0.1,3,150,4398.941619873047,3320.6870346069336,45,35,0.7777777777777605
0.1,3,155,4442.327125549316,3351.2733459472656,45,35,0.7777777777777605
0.1,3,160,4445.084396362305,3351.2860717773438,45,35,0.7777777777777605
0.1,3,165,4471.477584838867,3368.7582244873047,45,35,0.7777777777777605
0.1,3,170,4497.742515563965,3386.6090774536133,45,35,0.7777777777777605
0.1,3,175,4489.443771362305,3378.0884704589844,45,35,0.7777777777777605
0.1,3,180,4506.807830810547,3388.8820190429688,45,35,0.7777777777777605
0.1,3,185,4525.153015136719,3400.7333221435547,45,35,0.7777777777777605
0.1,3,190,4554.816207885742,3420.860206604004,45,35,0.7777777777777605
0.1,3,195,4570.436111450195,3430.4857177734375,45,35,0.7777777777777605
0.1,3,200,4589.9658203125,3442.7043228149414,45,35,0.7777777777777605
0.1,4,5,1399.793960571289,1148.3986644744873,45,37,0.8222222222222039
0.1,4,10,1541.027982711792,1264.3125267028809,45,37,0.8222222222222039
0.1,4,15,1783.7819595336914,1463.491226196289,45,37,0.8222222222222039
0.1,4,20,2521.2021484375,2068.511318206787,45,37,0.8222222222222039
0.1,4,25,3127.332187652588,2565.2919998168945,45,37,0.8222222222222039
0.1,4,30,3203.7037506103516,2626.998847961426,45,37,0.8222222222222039
0.1,4,35,3275.7887535095215,2684.8939323425293,45,37,0.8222222222222039
0.1,4,40,3352.803192138672,2746.556900024414,45,37,0.8222222222222039
0.1,4,45,3432.0936889648438,2809.825698852539,45,37,0.8222222222222039
0.1,4,50,3521.04434967041,2880.671112060547,45,37,0.8222222222222039
0.1,4,55,3611.193557739258,2952.1707916259766,45,37,0.8222222222222039
0.1,4,60,3704.9673767089844,3026.4431533813477,45,37,0.8222222222222039
0.1,4,65,3788.913993835449,3092.7272872924805,45,37,0.8222222222222039
0.1,4,70,3861.0942459106445,3149.632453918457,45,37,0.8222222222222039
0.1,4,75,3913.4456939697266,3190.679100036621,45,37,0.8222222222222039
0.1,4,80,3952.5106048583984,3221.185859680176,45,37,0.8222222222222039
0.1,4,85,3979.282180786133,3241.9203186035156,45,37,0.8222222222222039
0.1,4,90,3999.0138626098633,3257.0989532470703,45,37,0.8222222222222039
0.1,4,95,4013.6054458618164,3268.199546813965,45,37,0.8222222222222039
0.1,4,100,4026.6501235961914,3278.112937927246,45,37,0.8222222222222039
0.1,4,105,4037.349281311035,3286.2095642089844,45,37,0.8222222222222039
0.1,4,110,4048.9343185424805,3295.072555541992,45,37,0.8222222222222039
0.1,4,115,4056.8843383789062,3301.022529602051,45,37,0.8222222222222039
0.1,4,120,4064.951156616211,3307.090400695801,45,37,0.8222222222222039
0.1,4,125,4071.4767456054688,3311.948127746582,45,37,0.8222222222222039
0.1,4,130,4078.452735900879,3317.1873092651367,45,37,0.8222222222222039
0.1,4,135,4083.5542373657227,3320.939277648926,45,37,0.8222222222222039
0.1,4,140,4087.5938110351562,3323.8211059570312,45,37,0.8222222222222039
0.1,4,145,4092.4327239990234,3327.3802337646484,45,37,0.8222222222222039
0.1,4,150,4094.418899536133,3328.634796142578,45,37,0.8222222222222039
0.1,4,155,4099.310043334961,3332.268081665039,45,37,0.8222222222222039
0.1,4,160,4102.182792663574,3334.259605407715,45,37,0.8222222222222039
0.1,4,165,4105.9069900512695,3336.94832611084,45,37,0.8222222222222039
0.1,4,170,4109.461608886719,3339.4896697998047,45,37,0.8222222222222039
0.1,4,175,4114.814758300781,3343.49267578125,45,37,0.8222222222222039
0.1,4,180,4115.940971374512,3344.068588256836,45,37,0.8222222222222039
0.1,4,185,4117.694900512695,3345.168426513672,45,37,0.8222222222222039
0.1,4,190,4124.013854980469,3349.97412109375,45,37,0.8222222222222039
0.1,4,195,4127.539413452148,3352.5395584106445,45,37,0.8222222222222039
0.1,4,200,4129.323440551758,3353.706588745117,45,37,0.8222222222222039
0.1,5,5,5864.1332931518555,4784.3619384765625,45,37,0.8222222222222039
0.1,5,10,6313.527717590332,5129.332786560059,45,37,0.8222222222222039
0.1,5,15,6513.707878112793,5278.554740905762,45,37,0.8222222222222039
0.1,5,20,6604.068733215332,5341.2294845581055,45,37,0.8222222222222039
0.1,5,25,6773.676963806152,5471.364570617676,45,37,0.8222222222222039
0.1,5,30,6868.6531982421875,5541.479461669922,45,37,0.8222222222222039
0.1,5,35,7034.258209228516,5669.6961669921875,45,37,0.8222222222222039
0.1,5,40,7118.081237792969,5732.543319702148,45,37,0.8222222222222039
0.1,5,45,7248.574745178223,5833.894645690918,45,37,0.8222222222222039
0.1,5,50,7361.978698730469,5920.596603393555,45,37,0.8222222222222039
0.1,5,55,7427.760498046875,5969.7618408203125,45,37,0.8222222222222039
0.1,5,60,7479.175811767578,6007.086624145508,45,37,0.8222222222222039
0.1,5,65,7513.277236938477,6031.619491577148,45,37,0.8222222222222039
0.1,5,70,7498.61360168457,6017.261856079102,45,37,0.8222222222222039
0.1,5,75,7501.245323181152,6016.192024230957,45,37,0.8222222222222039
0.1,5,80,7470.067474365234,5988.175003051758,45,37,0.8222222222222039
0.1,5,85,7465.294097900391,5981.579788208008,45,37,0.8222222222222039
0.1,5,90,7488.22834777832,5998.046371459961,45,37,0.8222222222222039
0.1,5,95,7438.360595703125,5955.589202880859,45,37,0.8222222222222039
0.1,5,100,7456.370338439941,5968.304496765137,45,37,0.8222222222222039
0.1,5,105,7463.541816711426,5972.016868591309,45,37,0.8222222222222039
0.1,5,110,7461.907249450684,5969.021629333496,45,37,0.8222222222222039
0.1,5,115,7454.8886642456055,5961.438148498535,45,37,0.8222222222222039
0.1,5,120,7460.387664794922,5963.265487670898,45,37,0.8222222222222039
0.1,5,125,7450.823066711426,5954.292457580566,45,37,0.8222222222222039
0.1,5,130,7434.389434814453,5938.899230957031,45,37,0.8222222222222039
0.1,5,135,7439.659393310547,5941.133697509766,45,37,0.8222222222222039
0.1,5,140,7415.7396240234375,5920.140213012695,45,37,0.8222222222222039
0.1,5,145,7416.521873474121,5918.890266418457,45,37,0.8222222222222039
0.1,5,150,7433.427352905273,5930.987945556641,45,37,0.8222222222222039
0.1,5,155,7407.807052612305,5909.427108764648,45,37,0.8222222222222039
0.1,5,160,7401.157096862793,5902.7268142700195,45,37,0.8222222222222039
0.1,5,165,7390.1663818359375,5892.388809204102,45,37,0.8222222222222039
0.1,5,170,7388.625045776367,5890.5191650390625,45,37,0.8222222222222039
0.1,5,175,7395.80647277832,5894.876190185547,45,37,0.8222222222222039
0.1,5,180,7404.043151855469,5900.432556152344,45,37,0.8222222222222039
0.1,5,185,7395.3956298828125,5892.52864074707,45,37,0.8222222222222039
0.1,5,190,7395.6671142578125,5891.6348876953125,45,37,0.8222222222222039
0.1,5,195,7405.5325927734375,5898.5091552734375,45,37,0.8222222222222039
0.1,5,200,7370.583396911621,5869.884574890137,45,37,0.8222222222222039
0.1,6,5,2940.261562347412,2044.976661682129,45,31,0.6888888888888736
0.1,6,10,3434.670684814453,2388.3153533935547,45,31,0.6888888888888736
0.1,6,15,3446.816909790039,2395.302146911621,45,31,0.6888888888888736
0.1,6,20,3450.856620788574,2396.6273651123047,45,31,0.6888888888888736
0.1,6,25,3437.6510009765625,2385.8759155273438,45,31,0.6888888888888736
0.1,6,30,3454.815399169922,2396.2642517089844,45,31,0.6888888888888736
0.1,6,35,3479.3363647460938,2411.848602294922,45,31,0.6888888888888736
0.1,6,40,3483.2176208496094,2413.360870361328,45,31,0.6888888888888736
0.1,6,45,3493.4094772338867,2419.360481262207,45,31,0.6888888888888736
0.1,6,50,3494.7783966064453,2419.2940521240234,45,31,0.6888888888888736
0.1,6,55,3502.0932388305664,2423.3837890625,45,31,0.6888888888888736
0.1,6,60,3506.8178634643555,2425.8320922851562,45,31,0.6888888888888736
0.1,6,65,3497.0830307006836,2418.4389724731445,45,31,0.6888888888888736
0.1,6,70,3503.076545715332,2421.981658935547,45,31,0.6888888888888736
0.1,6,75,3510.076385498047,2426.3004455566406,45,31,0.6888888888888736
0.1,6,80,3497.1250381469727,2416.882713317871,45,31,0.6888888888888736
0.1,6,85,3500.375747680664,2418.535957336426,45,31,0.6888888888888736
0.1,6,90,3509.3200149536133,2424.267135620117,45,31,0.6888888888888736
0.1,6,95,3506.8471298217773,2422.2136840820312,45,31,0.6888888888888736
0.1,6,100,3504.8798065185547,2420.5630950927734,45,31,0.6888888888888736
0.1,6,105,3497.8172454833984,2415.416519165039,45,31,0.6888888888888736
0.1,6,110,3503.6187057495117,2419.095054626465,45,31,0.6888888888888736
0.1,6,115,3502.4844131469727,2418.1816177368164,45,31,0.6888888888888736
0.1,6,120,3494.9086303710938,2412.7987518310547,45,31,0.6888888888888736
0.1,6,125,3497.2406845092773,2414.2343978881836,45,31,0.6888888888888736
0.1,6,130,3504.67244720459,2419.1839904785156,45,31,0.6888888888888736
0.1,6,135,3499.22225189209,2415.273712158203,45,31,0.6888888888888736
0.1,6,140,3492.394241333008,2410.3787536621094,45,31,0.6888888888888736
0.1,6,145,3491.3309783935547,2409.436050415039,45,31,0.6888888888888736
0.1,6,150,3500.2431869506836,2415.4379806518555,45,31,0.6888888888888736
0.1,6,155,3507.624786376953,2420.3871002197266,45,31,0.6888888888888736
0.1,6,160,3504.746536254883,2418.2551345825195,45,31,0.6888888888888736
0.1,6,165,3500.704330444336,2415.3268814086914,45,31,0.6888888888888736
0.1,6,170,3502.1706619262695,2416.3060455322266,45,31,0.6888888888888736
0.1,6,175,3502.007095336914,2416.0956497192383,45,31,0.6888888888888736
0.1,6,180,3506.1809310913086,2418.7993087768555,45,31,0.6888888888888736
0.1,6,185,3512.1737060546875,2422.8033752441406,45,31,0.6888888888888736
0.1,6,190,3510.4877014160156,2421.6173782348633,45,31,0.6888888888888736
0.1,6,195,3510.349433898926,2421.410903930664,45,31,0.6888888888888736
0.1,6,200,3511.9439392089844,2422.397148132324,45,31,0.6888888888888736
0.1,7,5,3114.4053840637207,2296.3653717041016,45,33,0.733333333333317
0.1,7,10,4091.651107788086,3013.370979309082,45,33,0.733333333333317
0.1,7,15,4582.804908752441,3370.507148742676,45,33,0.733333333333317
0.1,7,20,4774.0798263549805,3508.129570007324,45,33,0.733333333333317
0.1,7,25,4856.645164489746,3566.6995544433594,45,33,0.733333333333317
0.1,7,30,4933.457244873047,3620.7615814208984,45,33,0.733333333333317
0.1,7,35,4991.528450012207,3661.1232147216797,45,33,0.733333333333317
0.1,7,40,5038.676559448242,3693.9592514038086,45,33,0.733333333333317
0.1,7,45,5085.027305603027,3726.232276916504,45,33,0.733333333333317
0.1,7,50,5121.943084716797,3751.7834548950195,45,33,0.733333333333317
0.1,7,55,5153.265655517578,3773.3499603271484,45,33,0.733333333333317
0.1,7,60,5179.14436340332,3791.0090866088867,45,33,0.733333333333317
0.1,7,65,5204.458251953125,3808.3206634521484,45,33,0.733333333333317
0.1,7,70,5229.3400802612305,3825.4600219726562,45,33,0.733333333333317
0.1,7,75,5253.479446411133,3842.256965637207,45,33,0.733333333333317
0.1,7,80,5273.433380126953,3855.88720703125,45,33,0.733333333333317
0.1,7,85,5289.597343444824,3866.835662841797,45,33,0.733333333333317
0.1,7,90,5309.914855957031,3880.773208618164,45,33,0.733333333333317
0.1,7,95,5325.432571411133,3891.3897247314453,45,33,0.733333333333317
0.1,7,100,5344.506423950195,3904.696403503418,45,33,0.733333333333317
0.1,7,105,5370.367630004883,3922.6928100585938,45,33,0.733333333333317
0.1,7,110,5369.5756759643555,3921.933639526367,45,33,0.733333333333317
0.1,7,115,5388.222839355469,3934.932083129883,45,33,0.733333333333317
0.1,7,120,5403.566680908203,3945.587646484375,45,33,0.733333333333317
0.1,7,125,5421.552505493164,3958.2582931518555,45,33,0.733333333333317
0.1,7,130,5427.244827270508,3962.1062622070312,45,33,0.733333333333317
0.1,7,135,5446.6958084106445,3975.639633178711,45,33,0.733333333333317
0.1,7,140,5455.527229309082,3981.810905456543,45,33,0.733333333333317
0.1,7,145,5467.162071228027,3989.7521362304688,45,33,0.733333333333317
0.1,7,150,5480.331855773926,3998.8707733154297,45,33,0.733333333333317
0.1,7,155,5483.785697937012,4001.1403045654297,45,33,0.733333333333317
0.1,7,160,5497.378623962402,4010.5964431762695,45,33,0.733333333333317
0.1,7,165,5504.016067504883,4015.0470275878906,45,33,0.733333333333317
0.1,7,170,5516.786865234375,4023.949996948242,45,33,0.733333333333317
0.1,7,175,5523.446533203125,4028.44246673584,45,33,0.733333333333317
0.1,7,180,5531.507682800293,4034.0052490234375,45,33,0.733333333333317
0.1,7,185,5536.852233886719,4037.6288146972656,45,33,0.733333333333317
0.1,7,190,5543.2604904174805,4041.966812133789,45,33,0.733333333333317
0.1,7,195,5551.576065063477,4047.736686706543,45,33,0.733333333333317
0.1,7,200,5556.519798278809,4051.012496948242,45,33,0.733333333333317
0.1,8,5,3424.8421325683594,2290.5948486328125,45,30,0.6666666666666519
0.1,8,10,4034.422004699707,2698.1938400268555,45,30,0.6666666666666519
0.1,8,15,4459.372177124023,2980.5658950805664,45,30,0.6666666666666519
0.1,8,20,4610.189407348633,3079.975830078125,45,30,0.6666666666666519
0.1,8,25,4669.392318725586,3118.927505493164,45,30,0.6666666666666519
0.1,8,30,4705.851142883301,3142.9325942993164,45,30,0.6666666666666519
0.1,8,35,4730.057884216309,3158.830940246582,45,30,0.6666666666666519
0.1,8,40,4753.7202072143555,3174.404510498047,45,30,0.6666666666666519
0.1,8,45,4769.839202880859,3184.993377685547,45,30,0.6666666666666519
0.1,8,50,4781.268463134766,3192.5679779052734,45,30,0.6666666666666519
0.1,8,55,4799.601547241211,3204.7825317382812,45,30,0.6666666666666519
0.1,8,60,4817.64826965332,3216.866989135742,45,30,0.6666666666666519
0.1,8,65,4830.576477050781,3225.5608139038086,45,30,0.6666666666666519
0.1,8,70,4844.838188171387,3235.1329345703125,45,30,0.6666666666666519
0.1,8,75,4858.198387145996,3244.083106994629,45,30,0.6666666666666519
0.1,8,80,4872.923156738281,3253.9225311279297,45,30,0.6666666666666519
0.1,8,85,4885.665344238281,3262.4252853393555,45,30,0.6666666666666519
0.1,8,90,4899.5876541137695,3271.676200866699,45,30,0.6666666666666519
0.1,8,95,4910.974655151367,3279.1579666137695,45,30,0.6666666666666519
0.1,8,100,4927.998481750488,3290.4130859375,45,30,0.6666666666666519
0.1,8,105,4939.162811279297,3297.71671295166,45,30,0.6666666666666519
0.1,8,110,4952.149726867676,3306.2076416015625,45,30,0.6666666666666519
0.1,8,115,4965.300765991211,3314.902374267578,45,30,0.6666666666666519
0.1,8,120,4980.3747634887695,3324.7541885375977,45,30,0.6666666666666519
0.1,8,125,4988.221656799316,3329.8441772460938,45,30,0.6666666666666519
0.1,8,130,4997.97599029541,3336.2030029296875,45,30,0.6666666666666519
0.1,8,135,5016.534202575684,3348.372657775879,45,30,0.6666666666666519
0.1,8,140,5027.338973999023,3355.5216217041016,45,30,0.6666666666666519
0.1,8,145,5038.043182373047,3362.535820007324,45,30,0.6666666666666519
0.1,8,150,5052.403907775879,3372.020439147949,45,30,0.6666666666666519
0.1,8,155,5060.726425170898,3377.46639251709,45,30,0.6666666666666519
0.1,8,160,5076.59676361084,3387.9485626220703,45,30,0.6666666666666519
0.1,8,165,5090.712455749512,3397.156883239746,45,30,0.6666666666666519
0.1,8,170,5098.386260986328,3402.1542739868164,45,30,0.6666666666666519
0.1,8,175,5111.983467102051,3410.961570739746,45,30,0.6666666666666519
0.1,8,180,5126.854202270508,3420.6191940307617,45,30,0.6666666666666519
0.1,8,185,5136.924621582031,3427.1009826660156,45,30,0.6666666666666519
0.1,8,190,5152.144515991211,3437.041488647461,45,30,0.6666666666666519
0.1,8,195,5167.461349487305,3446.9640884399414,45,30,0.6666666666666519
0.1,8,200,5178.924346923828,3454.3761291503906,45,30,0.6666666666666519
0.1,9,5,2131.315906524658,1836.7695007324219,45,39,0.8666666666666474
0.1,9,10,2339.229316711426,2014.2027893066406,45,39,0.8666666666666474
0.1,9,15,2598.452335357666,2235.5098724365234,45,39,0.8666666666666474
0.1,9,20,2773.95223236084,2385.1835441589355,45,39,0.8666666666666474
0.1,9,25,2846.506103515625,2447.0690994262695,45,39,0.8666666666666474
0.1,9,30,2889.202133178711,2483.4813537597656,45,39,0.8666666666666474
0.1,9,35,2923.150547027588,2512.4725303649902,45,39,0.8666666666666474
0.1,9,40,2954.26070022583,2539.0485763549805,45,39,0.8666666666666474
0.1,9,45,2985.032646179199,2565.3737030029297,45,39,0.8666666666666474
0.1,9,50,3018.7765197753906,2594.272148132324,45,39,0.8666666666666474
0.1,9,55,3058.5398178100586,2628.3649673461914,45,39,0.8666666666666474
0.1,9,60,3095.490547180176,2660.0662689208984,45,39,0.8666666666666474
0.1,9,65,3136.341033935547,2695.183494567871,45,39,0.8666666666666474
0.1,9,70,3188.0093307495117,2739.549346923828,45,39,0.8666666666666474
0.1,9,75,3240.5061111450195,2784.617362976074,45,39,0.8666666666666474
0.1,9,80,3294.200637817383,2830.680824279785,45,39,0.8666666666666474
0.1,9,85,3349.1544876098633,2877.8076400756836,45,39,0.8666666666666474
0.1,9,90,3402.4787216186523,2923.4730682373047,45,39,0.8666666666666474
0.1,9,95,3449.898956298828,2964.058151245117,45,39,0.8666666666666474
0.1,9,100,3483.9027404785156,2993.1185455322266,45,39,0.8666666666666474
0.1,9,105,3511.2098693847656,3016.418411254883,45,39,0.8666666666666474
0.1,9,110,3531.6460037231445,3033.80517578125,45,39,0.8666666666666474
0.1,9,115,3551.9517822265625,3051.0858306884766,45,39,0.8666666666666474
0.1,9,120,3567.7145233154297,3064.4733657836914,45,39,0.8666666666666474
0.1,9,125,3577.2258529663086,3072.5057373046875,45,39,0.8666666666666474
0.1,9,130,3591.722053527832,3084.803352355957,45,39,0.8666666666666474
0.1,9,135,3599.303970336914,3091.231285095215,45,39,0.8666666666666474
0.1,9,140,3606.9316329956055,3097.6833877563477,45,39,0.8666666666666474
0.1,9,145,3616.3130111694336,3105.625419616699,45,39,0.8666666666666474
0.1,9,150,3619.983070373535,3108.6801147460938,45,39,0.8666666666666474
0.1,9,155,3629.5209045410156,3116.803756713867,45,39,0.8666666666666474
0.1,9,160,3631.8536529541016,3118.740249633789,45,39,0.8666666666666474
0.1,9,165,3637.674903869629,3123.667900085449,45,39,0.8666666666666474
0.1,9,170,3640.717216491699,3126.219192504883,45,39,0.8666666666666474
0.1,9,175,3648.1524658203125,3132.5789947509766,45,39,0.8666666666666474
0.1,9,180,3650.5147857666016,3134.5549926757812,45,39,0.8666666666666474
0.1,9,185,3651.178565979004,3135.0410690307617,45,39,0.8666666666666474
0.1,9,190,3656.8623809814453,3139.845184326172,45,39,0.8666666666666474
0.1,9,195,3661.54647064209,3143.803207397461,45,39,0.8666666666666474
0.1,9,200,3661.4225158691406,3143.59920501709,45,39,0.8666666666666474
0.5,0,5,1497.0608520507812,1131.712257385254,45,34,0.7555555555555388
0.5,0,10,2940.649600982666,2221.2552185058594,45,34,0.7555555555555388
0.5,0,15,3189.4078979492188,2411.256820678711,45,34,0.7555555555555388
0.5,0,20,3286.29647064209,2483.8904724121094,45,34,0.7555555555555388
0.5,0,25,3369.8767700195312,2545.1933975219727,45,34,0.7555555555555388
0.5,0,30,3454.2606353759766,2607.389472961426,45,34,0.7555555555555388
0.5,0,35,3488.343704223633,2631.6343994140625,45,34,0.7555555555555388
0.5,0,40,3546.633445739746,2674.1481170654297,45,34,0.7555555555555388
0.5,0,45,3586.789207458496,2703.2727279663086,45,34,0.7555555555555388
0.5,0,50,3638.55908203125,2741.1169662475586,45,34,0.7555555555555388
0.5,0,55,3649.1157760620117,2748.0980682373047,45,34,0.7555555555555388
0.5,0,60,3677.9841079711914,2769.0569610595703,45,34,0.7555555555555388
0.5,0,65,3687.9790573120117,2775.9446563720703,45,34,0.7555555555555388
0.5,0,70,3720.5374755859375,2799.687545776367,45,34,0.7555555555555388
0.5,0,75,3740.0711975097656,2813.761360168457,45,34,0.7555555555555388
0.5,0,80,3776.483139038086,2840.480140686035,45,34,0.7555555555555388
0.5,0,85,3790.415458679199,2850.3724822998047,45,34,0.7555555555555388
0.5,0,90,3819.698776245117,2871.972831726074,45,34,0.7555555555555388
0.5,0,95,3839.7662658691406,2886.8553314208984,45,34,0.7555555555555388
0.5,0,100,3847.2814407348633,2892.274787902832,45,34,0.7555555555555388
0.5,0,105,3861.1697998046875,2902.4511184692383,45,34,0.7555555555555388
0.5,0,110,3877.390235900879,2914.3622817993164,45,34,0.7555555555555388
0.5,0,115,3890.0592498779297,2923.710235595703,45,34,0.7555555555555388
0.5,0,120,3909.9938888549805,2938.5117111206055,45,34,0.7555555555555388
0.5,0,125,3914.8499069213867,2941.941047668457,45,34,0.7555555555555388
0.5,0,130,3926.3300170898438,2950.547836303711,45,34,0.7555555555555388
0.5,0,135,3941.7473068237305,2962.1212463378906,45,34,0.7555555555555388
0.5,0,140,3954.4217376708984,2971.442123413086,45,34,0.7555555555555388
0.5,0,145,3974.004295349121,2985.8196868896484,45,34,0.7555555555555388
0.5,0,150,3982.6695404052734,2992.211135864258,45,34,0.7555555555555388
0.5,0,155,3989.899482727051,2997.6292037963867,45,34,0.7555555555555388
0.5,0,160,4005.0307388305664,3009.040382385254,45,34,0.7555555555555388
0.5,0,165,4013.5601959228516,3015.4797286987305,45,34,0.7555555555555388
0.5,0,170,4023.921340942383,3023.16202545166,45,34,0.7555555555555388
0.5,0,175,4039.6169662475586,3034.8742752075195,45,34,0.7555555555555388
0.5,0,180,4034.5792922973633,3031.285385131836,45,34,0.7555555555555388
0.5,0,185,4061.125846862793,3051.09464263916,45,34,0.7555555555555388
0.5,0,190,4069.221565246582,3057.2980041503906,45,34,0.7555555555555388
0.5,0,195,4070.852996826172,3058.497138977051,45,34,0.7555555555555388
0.5,0,200,4089.315444946289,3072.228546142578,45,34,0.7555555555555388
0.5,1,5,1621.8266677856445,1234.75390625,45,34,0.7555555555555388
0.5,1,10,2384.6099166870117,1815.32470703125,45,34,0.7555555555555388
0.5,1,15,3583.078155517578,2718.665237426758,45,34,0.7555555555555388
0.5,1,20,3790.679885864258,2873.8098526000977,45,34,0.7555555555555388
0.5,1,25,3843.2143936157227,2912.983917236328,45,34,0.7555555555555388
0.5,1,30,3863.9868392944336,2928.3081283569336,45,34,0.7555555555555388
0.5,1,35,3872.7325897216797,2934.672164916992,45,34,0.7555555555555388
0.5,1,40,3900.6585845947266,2955.5000228881836,45,34,0.7555555555555388
0.5,1,45,3923.7727966308594,2972.8818588256836,45,34,0.7555555555555388
0.5,1,50,3948.726333618164,2991.9858627319336,45,34,0.7555555555555388
0.5,1,55,3985.6860961914062,3020.056182861328,45,34,0.7555555555555388
0.5,1,60,4011.6172409057617,3039.833625793457,45,34,0.7555555555555388
0.5,1,65,4045.3022842407227,3065.4257888793945,45,34,0.7555555555555388
0.5,1,70,4067.2529830932617,3081.9547271728516,45,34,0.7555555555555388
0.5,1,75,4114.988380432129,3118.031074523926,45,34,0.7555555555555388
0.5,1,80,4158.533546447754,3150.693428039551,45,34,0.7555555555555388
0.5,1,85,4209.056816101074,3188.7642364501953,45,34,0.7555555555555388
0.5,1,90,4248.50407409668,3218.3836517333984,45,34,0.7555555555555388
0.5,1,95,4294.246292114258,3252.6205978393555,45,34,0.7555555555555388
0.5,1,100,4355.235336303711,3298.2018508911133,45,34,0.7555555555555388
0.5,1,105,4409.784934997559,3338.885322570801,45,34,0.7555555555555388
0.5,1,110,4451.607360839844,3369.9562911987305,45,34,0.7555555555555388
0.5,1,115,4510.522598266602,3413.7456130981445,45,34,0.7555555555555388
0.5,1,120,4557.223983764648,3448.1778564453125,45,34,0.7555555555555388
0.5,1,125,4598.974418640137,3478.9476318359375,45,34,0.7555555555555388
0.5,1,130,4655.942314147949,3521.4440002441406,45,34,0.7555555555555388
0.5,1,135,4702.0859375,3555.5237731933594,45,34,0.7555555555555388
0.5,1,140,4740.339080810547,3583.7879638671875,45,34,0.7555555555555388
0.5,1,145,4780.679595947266,3613.4611053466797,45,34,0.7555555555555388
0.5,1,150,4857.285026550293,3670.638687133789,45,34,0.7555555555555388
0.5,1,155,4901.240303039551,3703.2575912475586,45,34,0.7555555555555388
0.5,1,160,4951.707290649414,3740.405632019043,45,34,0.7555555555555388
0.5,1,165,5015.886878967285,3788.0977172851562,45,34,0.7555555555555388
0.5,1,170,5045.869766235352,3810.3190536499023,45,34,0.7555555555555388
0.5,1,175,5084.780799865723,3838.75106048584,45,34,0.7555555555555388
0.5,1,180,5134.054969787598,3875.1271896362305,45,34,0.7555555555555388
0.5,1,185,5183.586822509766,3911.839225769043,45,34,0.7555555555555388
0.5,1,190,5233.13565826416,3948.468948364258,45,34,0.7555555555555388
0.5,1,195,5285.384223937988,3987.4559020996094,45,34,0.7555555555555388
0.5,1,200,5291.459045410156,3991.618980407715,45,34,0.7555555555555388
0.5,2,5,1557.9265270233154,1249.8312702178955,45,36,0.7999999999999822
0.5,2,10,4182.582443237305,3337.178611755371,45,36,0.7999999999999822
0.5,2,15,4320.022872924805,3425.033737182617,45,36,0.7999999999999822
0.5,2,20,4323.480255126953,3417.967353820801,45,36,0.7999999999999822
0.5,2,25,4292.429626464844,3388.400390625,45,36,0.7999999999999822
0.5,2,30,4300.6994705200195,3390.566177368164,45,36,0.7999999999999822
0.5,2,35,4276.966087341309,3368.8920135498047,45,36,0.7999999999999822
0.5,2,40,4324.331474304199,3403.7147216796875,45,36,0.7999999999999822
0.5,2,45,4345.806953430176,3418.033027648926,45,36,0.7999999999999822
0.5,2,50,4365.339866638184,3431.4476623535156,45,36,0.7999999999999822
0.5,2,55,4415.638488769531,3470.028205871582,45,36,0.7999999999999822
0.5,2,60,4449.836082458496,3495.5100631713867,45,36,0.7999999999999822
0.5,2,65,4483.366989135742,3520.2904891967773,45,36,0.7999999999999822
0.5,2,70,4526.985282897949,3553.2505111694336,45,36,0.7999999999999822
0.5,2,75,4571.060615539551,3586.377265930176,45,36,0.7999999999999822
0.5,2,80,4598.194396972656,3606.6241760253906,45,36,0.7999999999999822
0.5,2,85,4643.550590515137,3640.6464614868164,45,36,0.7999999999999822
0.5,2,90,4688.809104919434,3675.1631240844727,45,36,0.7999999999999822
0.5,2,95,4743.903007507324,3717.048294067383,45,36,0.7999999999999822
0.5,2,100,4775.9528884887695,3741.1664276123047,45,36,0.7999999999999822
0.5,2,105,4833.846817016602,3785.2390060424805,45,36,0.7999999999999822
0.5,2,110,4865.080345153809,3808.5684127807617,45,36,0.7999999999999822
0.5,2,115,4950.861351013184,3874.0713424682617,45,36,0.7999999999999822
0.5,2,120,5007.7080154418945,3917.229591369629,45,36,0.7999999999999822
0.5,2,125,5056.400375366211,3953.8337326049805,45,36,0.7999999999999822
0.5,2,130,5114.639434814453,3998.52742767334,45,36,0.7999999999999822
0.5,2,135,5173.63005065918,4043.335739135742,45,36,0.7999999999999822
0.5,2,140,5246.567024230957,4098.648536682129,45,36,0.7999999999999822
0.5,2,145,5274.520477294922,4118.973083496094,45,36,0.7999999999999822
0.5,2,150,5348.929954528809,4175.822685241699,45,36,0.7999999999999822
0.5,2,155,5392.382911682129,4208.233360290527,45,36,0.7999999999999822
0.5,2,160,5411.27424621582,4222.041641235352,45,36,0.7999999999999822
0.5,2,165,5483.13850402832,4277.760047912598,45,36,0.7999999999999822
0.5,2,170,5557.129280090332,4334.271575927734,45,36,0.7999999999999822
0.5,2,175,5604.964744567871,4371.381004333496,45,36,0.7999999999999822
0.5,2,180,5619.41438293457,4381.4306640625,45,36,0.7999999999999822
0.5,2,185,5710.817276000977,4452.112930297852,45,36,0.7999999999999822
0.5,2,190,5789.759559631348,4513.744163513184,45,36,0.7999999999999822
0.5,2,195,5811.383659362793,4530.086738586426,45,36,0.7999999999999822
0.5,2,200,5843.9043045043945,4555.171989440918,45,36,0.7999999999999822
0.5,3,5,1268.02933883667,981.7977066040039,45,35,0.7777777777777605
0.5,3,10,2036.1934089660645,1574.8157386779785,45,35,0.7777777777777605
0.5,3,15,4293.302146911621,3309.547637939453,45,35,0.7777777777777605
0.5,3,20,4419.022933959961,3403.6540908813477,45,35,0.7777777777777605
0.5,3,25,4476.288200378418,3446.27384185791,45,35,0.7777777777777605
0.5,3,30,4495.384460449219,3459.699005126953,45,35,0.7777777777777605
0.5,3,35,4513.043128967285,3471.522232055664,45,35,0.7777777777777605
0.5,3,40,4564.040145874023,3509.3736114501953,45,35,0.7777777777777605
0.5,3,45,4574.912147521973,3516.451919555664,45,35,0.7777777777777605
0.5,3,50,4610.965522766113,3542.7992935180664,45,35,0.7777777777777605
0.5,3,55,4673.8786544799805,3589.181785583496,45,35,0.7777777777777605
0.5,3,60,4698.613830566406,3607.1184463500977,45,35,0.7777777777777605
0.5,3,65,4741.391387939453,3638.6253051757812,45,35,0.7777777777777605
0.5,3,70,4809.262916564941,3689.754165649414,45,35,0.7777777777777605
0.5,3,75,4875.07820892334,3739.4699478149414,45,35,0.7777777777777605
0.5,3,80,4934.272750854492,3783.9530029296875,45,35,0.7777777777777605
0.5,3,85,5006.906883239746,3838.554573059082,45,35,0.7777777777777605
0.5,3,90,5074.341812133789,3889.382225036621,45,35,0.7777777777777605
0.5,3,95,5139.061302185059,3937.9089736938477,45,35,0.7777777777777605
0.5,3,100,5229.8234786987305,4006.749824523926,45,35,0.7777777777777605
0.5,3,105,5270.032501220703,4036.458480834961,45,35,0.7777777777777605
0.5,3,110,5339.907150268555,4088.356300354004,45,35,0.7777777777777605
0.5,3,115,5396.8673095703125,4130.645797729492,45,35,0.7777777777777605
0.5,3,120,5474.663139343262,4188.854385375977,45,35,0.7777777777777605
0.5,3,125,5548.799034118652,4243.995277404785,45,35,0.7777777777777605
0.5,3,130,5606.394943237305,4285.9218826293945,45,35,0.7777777777777605
0.5,3,135,5637.666656494141,4308.087272644043,45,35,0.7777777777777605
0.5,3,140,5713.5036544799805,4363.9968185424805,45,35,0.7777777777777605
0.5,3,145,5790.435089111328,4420.895858764648,45,35,0.7777777777777605
0.5,3,150,5850.7891845703125,4464.410202026367,45,35,0.7777777777777605
0.5,3,155,5904.732978820801,4503.453147888184,45,35,0.7777777777777605
0.5,3,160,6003.05110168457,4576.821334838867,45,35,0.7777777777777605
0.5,3,165,6067.636413574219,4624.174911499023,45,35,0.7777777777777605
0.5,3,170,6160.467811584473,4692.7990646362305,45,35,0.7777777777777605
0.5,3,175,6212.986640930176,4730.012413024902,45,35,0.7777777777777605
0.5,3,180,6271.617301940918,4772.825721740723,45,35,0.7777777777777605
0.5,3,185,6337.1119384765625,4821.0035400390625,45,35,0.7777777777777605
0.5,3,190,6431.553855895996,4891.001197814941,45,35,0.7777777777777605
0.5,3,195,6499.517974853516,4941.503860473633,45,35,0.7777777777777605
0.5,3,200,6577.816329956055,4999.526458740234,45,35,0.7777777777777605
0.5,4,5,994.8044109344482,818.8988037109375,45,37,0.8222222222222039
0.5,4,10,1044.7055187225342,859.975866317749,45,37,0.8222222222222039
0.5,4,15,1138.7339878082275,937.3839282989502,45,37,0.8222222222222039
0.5,4,20,1310.193416595459,1078.5268516540527,45,37,0.8222222222222039
0.5,4,25,1667.7576866149902,1372.8211975097656,45,37,0.8222222222222039
0.5,4,30,2467.5415115356445,2030.6853790283203,45,37,0.8222222222222039
0.5,4,35,2883.5162620544434,2371.9123497009277,45,37,0.8222222222222039
0.5,4,40,2965.1765632629395,2438.3637351989746,45,37,0.8222222222222039
0.5,4,45,3055.864547729492,2512.1028594970703,45,37,0.8222222222222039
0.5,4,50,3142.842182159424,2582.566822052002,45,37,0.8222222222222039
0.5,4,55,3236.0523376464844,2657.8942489624023,45,37,0.8222222222222039
0.5,4,60,3330.20320892334,2733.771514892578,45,37,0.8222222222222039
0.5,4,65,3437.221237182617,2820.042953491211,45,37,0.8222222222222039
0.5,4,70,3540.250274658203,2902.9402465820312,45,37,0.8222222222222039
0.5,4,75,3643.1574478149414,2985.72794342041,45,37,0.8222222222222039
0.5,4,80,3736.809211730957,3061.048828125,45,37,0.8222222222222039
0.5,4,85,3824.4695205688477,3131.679847717285,45,37,0.8222222222222039
0.5,4,90,3901.218215942383,3193.5893783569336,45,37,0.8222222222222039
0.5,4,95,3961.4218368530273,3242.0997161865234,45,37,0.8222222222222039
0.5,4,100,4023.2395935058594,3292.1507415771484,45,37,0.8222222222222039
0.5,4,105,4083.4069290161133,3340.951171875,45,37,0.8222222222222039
0.5,4,110,4131.564262390137,3380.046012878418,45,37,0.8222222222222039
0.5,4,115,4182.641265869141,3421.7126998901367,45,37,0.8222222222222039
0.5,4,120,4246.261985778809,3473.6189041137695,45,37,0.8222222222222039
0.5,4,125,4291.666793823242,3510.658660888672,45,37,0.8222222222222039
0.5,4,130,4348.371803283691,3556.9069442749023,45,37,0.8222222222222039
0.5,4,135,4398.715347290039,3598.1241302490234,45,37,0.8222222222222039
0.5,4,140,4455.145233154297,3644.2812423706055,45,37,0.8222222222222039
0.5,4,145,4503.981597900391,3684.2594985961914,45,37,0.8222222222222039
0.5,4,150,4566.095565795898,3735.1943969726562,45,37,0.8222222222222039
0.5,4,155,4624.297073364258,3782.8233337402344,45,37,0.8222222222222039
0.5,4,160,4677.913421630859,3826.7281188964844,45,37,0.8222222222222039
0.5,4,165,4730.650901794434,3869.9022827148438,45,37,0.8222222222222039
0.5,4,170,4792.40185546875,3920.395835876465,45,37,0.8222222222222039
0.5,4,175,4849.914825439453,3967.5611419677734,45,37,0.8222222222222039
0.5,4,180,4908.881683349609,4015.860809326172,45,37,0.8222222222222039
0.5,4,185,4967.323043823242,4063.694755554199,45,37,0.8222222222222039
0.5,4,190,5031.411979675293,4116.314430236816,45,37,0.8222222222222039
0.5,4,195,5076.0847244262695,4152.886604309082,45,37,0.8222222222222039
0.5,4,200,5139.210876464844,4204.609756469727,45,37,0.8222222222222039
0.5,5,5,5414.750198364258,4471.924026489258,45,37,0.8222222222222039
0.5,5,10,6037.599258422852,4968.670455932617,45,37,0.8222222222222039
0.5,5,15,6166.4521484375,5066.169708251953,45,37,0.8222222222222039
0.5,5,20,6260.152732849121,5136.084022521973,45,37,0.8222222222222039
0.5,5,25,6328.637809753418,5186.960121154785,45,37,0.8222222222222039
0.5,5,30,6493.319114685059,5316.889778137207,45,37,0.8222222222222039
0.5,5,35,6615.361259460449,5412.724815368652,45,37,0.8222222222222039
0.5,5,40,6791.235763549805,5554.108444213867,45,37,0.8222222222222039
0.5,5,45,6962.279571533203,5693.131088256836,45,37,0.8222222222222039
0.5,5,50,7064.634750366211,5774.016174316406,45,37,0.8222222222222039
0.5,5,55,7257.2005615234375,5929.564147949219,45,37,0.8222222222222039
0.5,5,60,7265.100692749023,5934.511672973633,45,37,0.8222222222222039
0.5,5,65,7412.867340087891,6054.777740478516,45,37,0.8222222222222039
0.5,5,70,7542.465927124023,6159.950088500977,45,37,0.8222222222222039
0.5,5,75,7580.977935791016,6190.198806762695,45,37,0.8222222222222039
0.5,5,80,7673.513931274414,6266.042373657227,45,37,0.8222222222222039
0.5,5,85,7731.874649047852,6313.503570556641,45,37,0.8222222222222039
0.5,5,90,7773.39875793457,6346.225799560547,45,37,0.8222222222222039
0.5,5,95,7765.532089233398,6339.147155761719,45,37,0.8222222222222039
0.5,5,100,7826.921325683594,6389.346206665039,45,37,0.8222222222222039
0.5,5,105,7891.243438720703,6440.699310302734,45,37,0.8222222222222039
0.5,5,110,7934.363784790039,6476.7393798828125,45,37,0.8222222222222039
0.5,5,115,8032.030548095703,6555.957717895508,45,37,0.8222222222222039
0.5,5,120,8067.377044677734,6585.378372192383,45,37,0.8222222222222039
0.5,5,125,8069.775787353516,6586.936309814453,45,37,0.8222222222222039
0.5,5,130,8144.173828125,6646.77653503418,45,37,0.8222222222222039
0.5,5,135,8205.589416503906,6695.322647094727,45,37,0.8222222222222039
0.5,5,140,8244.016555786133,6727.21728515625,45,37,0.8222222222222039
0.5,5,145,8302.22135925293,6774.833251953125,45,37,0.8222222222222039
0.5,5,150,8361.131286621094,6823.312225341797,45,37,0.8222222222222039
0.5,5,155,8395.735000610352,6852.513931274414,45,37,0.8222222222222039
0.5,5,160,8440.629486083984,6889.146148681641,45,37,0.8222222222222039
0.5,5,165,8507.27377319336,6944.386642456055,45,37,0.8222222222222039
0.5,5,170,8578.217529296875,7002.253372192383,45,37,0.8222222222222039
0.5,5,175,8646.461196899414,7058.75505065918,45,37,0.8222222222222039
0.5,5,180,8706.113800048828,7108.1605224609375,45,37,0.8222222222222039
0.5,5,185,8734.756713867188,7131.0574951171875,45,37,0.8222222222222039
0.5,5,190,8855.933227539062,7229.884262084961,45,37,0.8222222222222039
0.5,5,195,8866.092330932617,7238.177398681641,45,37,0.8222222222222039
0.5,5,200,9020.040466308594,7363.293884277344,45,37,0.8222222222222039
0.5,6,5,3907.2119522094727,2683.2986755371094,45,31,0.6888888888888736
0.5,6,10,4130.602142333984,2834.4258346557617,45,31,0.6888888888888736
0.5,6,15,4132.202621459961,2833.95711517334,45,31,0.6888888888888736
0.5,6,20,4129.4470291137695,2830.767997741699,45,31,0.6888888888888736
0.5,6,25,4101.982391357422,2810.766716003418,45,31,0.6888888888888736
0.5,6,30,4111.501190185547,2816.5224533081055,45,31,0.6888888888888736
0.5,6,35,4127.603935241699,2827.052200317383,45,31,0.6888888888888736
0.5,6,40,4151.853141784668,2843.0467834472656,45,31,0.6888888888888736
0.5,6,45,4162.685592651367,2850.0315170288086,45,31,0.6888888888888736
0.5,6,50,4179.429496765137,2861.2195205688477,45,31,0.6888888888888736
0.5,6,55,4211.7546310424805,2883.138771057129,45,31,0.6888888888888736
0.5,6,60,4235.312088012695,2898.7054443359375,45,31,0.6888888888888736
0.5,6,65,4266.255279541016,2919.630683898926,45,31,0.6888888888888736
0.5,6,70,4283.99055480957,2931.216537475586,45,31,0.6888888888888736
0.5,6,75,4304.968032836914,2945.212432861328,45,31,0.6888888888888736
0.5,6,80,4327.842674255371,2960.177909851074,45,31,0.6888888888888736
0.5,6,85,4382.095756530762,2996.9331817626953,45,31,0.6888888888888736
0.5,6,90,4416.7332763671875,3019.738510131836,45,31,0.6888888888888736
0.5,6,95,4433.47811126709,3030.7195892333984,45,31,0.6888888888888736
0.5,6,100,4475.853363037109,3059.102653503418,45,31,0.6888888888888736
0.5,6,105,4522.437240600586,3090.89404296875,45,31,0.6888888888888736
0.5,6,110,4556.203872680664,3113.8677291870117,45,31,0.6888888888888736
0.5,6,115,4580.96061706543,3130.675437927246,45,31,0.6888888888888736
0.5,6,120,4626.611839294434,3161.2808151245117,45,31,0.6888888888888736
0.5,6,125,4660.79084777832,3184.4697875976562,45,31,0.6888888888888736
0.5,6,130,4695.939567565918,3208.4018020629883,45,31,0.6888888888888736
0.5,6,135,4734.300521850586,3233.7267303466797,45,31,0.6888888888888736
0.5,6,140,4777.0928955078125,3262.404815673828,45,31,0.6888888888888736
0.5,6,145,4815.974502563477,3289.046714782715,45,31,0.6888888888888736
0.5,6,150,4845.326820373535,3308.720687866211,45,31,0.6888888888888736
0.5,6,155,4907.4951171875,3350.799629211426,45,31,0.6888888888888736
0.5,6,160,4951.404731750488,3380.3664627075195,45,31,0.6888888888888736
0.5,6,165,4967.660301208496,3391.371139526367,45,31,0.6888888888888736
0.5,6,170,5006.694190979004,3417.888008117676,45,31,0.6888888888888736
0.5,6,175,5060.309547424316,3454.3278732299805,45,31,0.6888888888888736
0.5,6,180,5118.643692016602,3494.3239974975586,45,31,0.6888888888888736
0.5,6,185,5146.632858276367,3513.2950744628906,45,31,0.6888888888888736
0.5,6,190,5177.296539306641,3534.475830078125,45,31,0.6888888888888736
0.5,6,195,5230.6378173828125,3570.526206970215,45,31,0.6888888888888736
0.5,6,200,5234.846374511719,3573.295700073242,45,31,0.6888888888888736
0.5,7,5,3533.5777130126953,2580.3736724853516,45,33,0.733333333333317
0.5,7,10,4165.341972351074,3037.6416091918945,45,33,0.733333333333317
0.5,7,15,61.4915617108345,35.463222086429596,45,33,0.733333333333317
0.5,7,20,61.55594205856323,36.041521310806274,45,33,0.733333333333317
0.5,7,25,63.339042484760284,36.42026871442795,45,33,0.733333333333317
0.5,7,30,64.18271386623383,36.51255977153778,45,33,0.733333333333317
0.5,7,35,65.8338953256607,37.03194975852966,45,33,0.733333333333317
0.5,7,40,64.96384769678116,36.34915667772293,45,33,0.733333333333317
0.5,7,45,67.2821632027626,37.481570303440094,45,33,0.733333333333317
0.5,7,50,72.26364487409592,40.44751065969467,45,33,0.733333333333317
0.5,7,55,72.99702090024948,40.56604379415512,45,33,0.733333333333317
0.5,7,60,71.01852089166641,38.82786279916763,45,33,0.733333333333317
0.5,7,65,70.98897016048431,39.85722637176514,45,33,0.733333333333317
0.5,7,70,85.39033710956573,47.393386006355286,45,33,0.733333333333317
0.5,7,75,76.06721413135529,42.627626061439514,45,33,0.733333333333317
0.5,7,80,79.33706271648407,43.54691159725189,45,33,0.733333333333317
0.5,7,85,82.98954874277115,46.109549820423126,45,33,0.733333333333317
0.5,7,90,75.30748873949051,41.60917741060257,45,33,0.733333333333317
0.5,7,95,74.248097717762,40.616433918476105,45,33,0.733333333333317
0.5,7,100,74.69485455751419,41.4995933175087,45,33,0.733333333333317
0.5,7,105,80.38460314273834,44.39856827259064,45,33,0.733333333333317
0.5,7,110,78.87237411737442,43.08118516206741,45,33,0.733333333333317
0.5,7,115,78.96469646692276,43.17063719034195,45,33,0.733333333333317
0.5,7,120,80.54318487644196,44.352208733558655,45,33,0.733333333333317
0.5,7,125,77.9814395904541,42.85387086868286,45,33,0.733333333333317
0.5,7,130,81.27494210004807,44.087704598903656,45,33,0.733333333333317
0.5,7,135,71.45256757736206,39.28562068939209,45,33,0.733333333333317
0.5,7,140,74.30802643299103,40.61447560787201,45,33,0.733333333333317
0.5,7,145,72.70495682954788,40.38995558023453,45,33,0.733333333333317
0.5,7,150,76.99589401483536,42.515123426914215,45,33,0.733333333333317
0.5,7,155,72.25667130947113,39.0503054857254,45,33,0.733333333333317
0.5,7,160,70.3514694571495,38.08893793821335,45,33,0.733333333333317
0.5,7,165,72.5046443939209,39.70454216003418,45,33,0.733333333333317
0.5,7,170,76.6260991692543,41.66765433549881,45,33,0.733333333333317
0.5,7,175,76.21793377399445,41.63064134120941,45,33,0.733333333333317
0.5,7,180,73.71204495429993,39.995163679122925,45,33,0.733333333333317
0.5,7,185,74.0996561050415,40.2472460269928,45,33,0.733333333333317
0.5,7,190,69.86029773950577,37.78674179315567,45,33,0.733333333333317
0.5,7,195,67.82604402303696,36.41821187734604,45,33,0.733333333333317
0.5,7,200,72.46096676588058,38.91003459692001,45,33,0.733333333333317
0.5,8,5,89.15707159042358,54.84954106807709,45,30,0.6666666666666519
0.5,8,10,94.29808056354523,57.10514152050018,45,30,0.6666666666666519
0.5,8,15,92.81365537643433,56.42077362537384,45,30,0.6666666666666519
0.5,8,20,108.74417865276337,65.50011432170868,45,30,0.6666666666666519
0.5,8,25,119.01670718193054,72.26994371414185,45,30,0.6666666666666519
0.5,8,30,127.978635430336,78.19777536392212,45,30,0.6666666666666519
0.5,8,35,155.4899743795395,95.84576869010925,45,30,0.6666666666666519
0.5,8,40,171.16274058818817,106.35839891433716,45,30,0.6666666666666519
0.5,8,45,171.51561284065247,105.78408718109131,45,30,0.6666666666666519
0.5,8,50,189.45964002609253,117.03978395462036,45,30,0.6666666666666519
0.5,8,55,188.0506911277771,117.42883658409119,45,30,0.6666666666666519
0.5,8,60,185.1840536594391,115.55155920982361,45,30,0.6666666666666519
0.5,8,65,196.1670482158661,121.37507557868958,45,30,0.6666666666666519
0.5,8,70,205.9858431816101,128.6502149105072,45,30,0.6666666666666519
0.5,8,75,204.21234846115112,127.38629961013794,45,30,0.6666666666666519
0.5,8,80,222.93032550811768,140.37297296524048,45,30,0.6666666666666519
0.5,8,85,200.2935230731964,127.03550887107849,45,30,0.6666666666666519
0.5,8,90,203.20591831207275,129.2128188610077,45,30,0.6666666666666519
0.5,8,95,215.03481221199036,136.48874950408936,45,30,0.6666666666666519
0.5,8,100,244.67416191101074,154.71614241600037,45,30,0.6666666666666519
0.5,8,105,200.7808759212494,128.37402367591858,45,30,0.6666666666666519
0.5,8,110,248.5357849597931,159.23037886619568,45,30,0.6666666666666519
0.5,8,115,236.77207684516907,152.56072354316711,45,30,0.6666666666666519
0.5,8,120,225.7566795349121,144.93478107452393,45,30,0.6666666666666519
0.5,8,125,224.63581705093384,144.40103316307068,45,30,0.6666666666666519
0.5,8,130,214.8515031337738,138.38917684555054,45,30,0.6666666666666519
0.5,8,135,241.6043131351471,154.45730113983154,45,30,0.6666666666666519
0.5,8,140,246.94966840744019,158.7706732749939,45,30,0.6666666666666519
0.5,8,145,227.76897048950195,146.18907856941223,45,30,0.6666666666666519
0.5,8,150,216.41551971435547,138.93879008293152,45,30,0.6666666666666519
0.5,8,155,243.5960385799408,155.77918601036072,45,30,0.6666666666666519
0.5,8,160,228.78122472763062,147.1473422050476,45,30,0.6666666666666519
0.5,8,165,264.22965145111084,169.74969053268433,45,30,0.6666666666666519
0.5,8,170,234.75812482833862,150.72173285484314,45,30,0.6666666666666519
0.5,8,175,252.90682172775269,162.515300989151,45,30,0.6666666666666519
0.5,8,180,252.1198432445526,161.7032241821289,45,30,0.6666666666666519
0.5,8,185,262.2445957660675,168.11189222335815,45,30,0.6666666666666519
0.5,8,190,251.33049082756042,162.07043194770813,45,30,0.6666666666666519
0.5,8,195,247.73818016052246,158.97608160972595,45,30,0.6666666666666519
0.5,8,200,264.57536578178406,169.92384552955627,45,30,0.6666666666666519
0.5,9,5,48.115815699100494,36.2531378865242,45,39,0.8666666666666474
0.5,9,10,48.090943932533264,35.4968980550766,45,39,0.8666666666666474
0.5,9,15,53.19910138845444,39.13497191667557,45,39,0.8666666666666474
0.5,9,20,58.902921199798584,43.165966272354126,45,39,0.8666666666666474
0.5,9,25,64.40990346670151,47.942571341991425,45,39,0.8666666666666474
0.5,9,30,79.39657866954803,59.32221043109894,45,39,0.8666666666666474
0.5,9,35,81.39066731929779,60.75346291065216,45,39,0.8666666666666474
0.5,9,40,79.09634459018707,59.259828209877014,45,39,0.8666666666666474
0.5,9,45,81.02224802970886,61.25597083568573,45,39,0.8666666666666474
0.5,9,50,81.81874269247055,62.07269161939621,45,39,0.8666666666666474
0.5,9,55,84.94584846496582,64.58926320075989,45,39,0.8666666666666474
0.5,9,60,80.12885743379593,61.17481619119644,45,39,0.8666666666666474
0.5,9,65,93.17834115028381,71.04430794715881,45,39,0.8666666666666474
0.5,9,70,104.80336999893188,79.87567365169525,45,39,0.8666666666666474
0.5,9,75,98.71857535839081,75.12670588493347,45,39,0.8666666666666474
0.5,9,80,102.6374945640564,78.11472964286804,45,39,0.8666666666666474
0.5,9,85,98.16117012500763,74.65099024772644,45,39,0.8666666666666474
0.5,9,90,96.44345831871033,73.30733597278595,45,39,0.8666666666666474
0.5,9,95,93.56815791130066,71.27780723571777,45,39,0.8666666666666474
0.5,9,100,93.46318781375885,71.03020739555359,45,39,0.8666666666666474
0.5,9,105,97.66387045383453,74.50637781620026,45,39,0.8666666666666474
0.5,9,110,99.19494152069092,75.36574792861938,45,39,0.8666666666666474
0.5,9,115,105.66670942306519,80.24192523956299,45,39,0.8666666666666474
0.5,9,120,106.47964382171631,80.47512626647949,45,39,0.8666666666666474
0.5,9,125,98.51876747608185,74.40755665302277,45,39,0.8666666666666474
0.5,9,130,108.01404416561127,81.58625769615173,45,39,0.8666666666666474
0.5,9,135,100.51130831241608,75.5819582939148,45,39,0.8666666666666474
0.5,9,140,109.8278739452362,82.77965307235718,45,39,0.8666666666666474
0.5,9,145,103.47725570201874,77.75129449367523,45,39,0.8666666666666474
0.5,9,150,116.39224648475647,87.58058273792267,45,39,0.8666666666666474
0.5,9,155,105.108722448349,79.44777858257294,45,39,0.8666666666666474
0.5,9,160,102.41595244407654,76.42036056518555,45,39,0.8666666666666474
0.5,9,165,99.2984424829483,74.49715411663055,45,39,0.8666666666666474
0.5,9,170,99.3160320520401,74.60569620132446,45,39,0.8666666666666474
0.5,9,175,104.42604613304138,78.36901593208313,45,39,0.8666666666666474
0.5,9,180,105.92515456676483,79.1607655286789,45,39,0.8666666666666474
0.5,9,185,106.59792137145996,79.62884449958801,45,39,0.8666666666666474
0.5,9,190,101.24180507659912,75.26870369911194,45,39,0.8666666666666474
0.5,9,195,132.95496594905853,98.14987170696259,45,39,0.8666666666666474
0.5,9,200,119.42520081996918,89.23396110534668,45,39,0.8666666666666474
